{"cameraMode":{"drawMode":0,"name":"Shaded","section":"Shading Mode"},"sceneLighting":true,"audioPlay":false,"sceneViewState":{"showFog":false,"showMaterialUpdate":false,"showSkybox":false,"showFlares":false,"showImageEffects":false,"showParticleSystems":false},"in2DMode":false,"pivot":{"x":0.718000054359436,"y":-0.3999999761581421,"z":0.0},"rotation":{"x":0.07642403990030289,"y":0.005982416216284037,"z":-0.00045854985364712775,"w":0.9970573782920837},"size":3.496555805206299,"orthographic":true}