{"cameraMode":{"drawMode":0,"name":"Shaded","section":"Shading Mode"},"sceneLighting":true,"audioPlay":false,"sceneViewState":{"showFog":false,"showMaterialUpdate":false,"showSkybox":false,"showFlares":false,"showImageEffects":false,"showParticleSystems":false},"in2DMode":false,"pivot":{"x":0.7280002236366272,"y":0.5499993562698364,"z":0.0},"rotation":{"x":0.07642403990030289,"y":0.005982416216284037,"z":-0.00045854985364712775,"w":0.9970573782920837},"size":3.496556043624878,"orthographic":true}