{"cameraMode":{"drawMode":0,"name":"Shaded","section":"Shading Mode"},"sceneLighting":true,"audioPlay":false,"sceneViewState":{"showFog":false,"showMaterialUpdate":false,"showSkybox":false,"showFlares":false,"showImageEffects":false,"showParticleSystems":false},"in2DMode":false,"pivot":{"x":0.08800017833709717,"y":0.5499993562698364,"z":0.0},"rotation":{"x":0.07343252003192902,"y":0.00598376477137208,"z":-0.00044060053187422454,"w":0.9972821474075317},"size":3.496556043624878,"orthographic":true}