{"cameraMode":{"drawMode":0,"name":"Shaded","section":"Shading Mode"},"sceneLighting":true,"audioPlay":false,"sceneViewState":{"showFog":false,"showMaterialUpdate":false,"showSkybox":false,"showFlares":false,"showImageEffects":false,"showParticleSystems":false},"in2DMode":false,"pivot":{"x":1.7537592649459839,"y":-0.593843936920166,"z":-0.7102776169776917},"rotation":{"x":0.023964915424585344,"y":0.052460700273513797,"z":-0.001259337179362774,"w":0.9983346462249756},"size":10.040352821350098,"orthographic":false}