{"cameraMode":{"drawMode":0,"name":"Shaded","section":"Shading Mode"},"sceneLighting":true,"audioPlay":false,"sceneViewState":{"showFog":false,"showMaterialUpdate":false,"showSkybox":false,"showFlares":false,"showImageEffects":false,"showParticleSystems":false},"in2DMode":false,"pivot":{"x":-1.9177030324935914,"y":3.204540491104126,"z":7.351388454437256},"rotation":{"x":-0.1907089799642563,"y":-0.033859312534332278,"z":-0.006582074798643589,"w":0.9810404181480408},"size":12.680500030517579,"orthographic":false}